4-vJc6ZnE9A,<START> It seems that there was a big leak in the Finnish teams dormitory  But its okay  Sleep on the best bed and forget everything
4-vJc6ZnE9A,<START> I rather think the Bing Dwen Dwen pillow topped the electric remote controlled bed
4-vJc6ZnE9A,<START> Is really so good that a bad sleeper will have good sleep on the bed How much is the bed
4-vJc6ZnE9A,<START> The unfair IOC is corruptBreak up the corrupt IOCLets boycott IOChosted sports competitions
4-vJc6ZnE9A,<START> httpswwwyoutubecomwatchv8A6esi1YcP0 her clip is featured here with other countrys athletes impressed by the quality of Beijing Olympic
4-vJc6ZnE9A,<START> Communist China takes control of gravity  
4-vJc6ZnE9A,<START> She can sell zero G mode bed soon
4-vJc6ZnE9A,<START> Zero G mode means no gangsters allowed on the bed its China we are civilized people who enjoy dumplings and math
4-vJc6ZnE9A,<START> So great
4-vJc6ZnE9A,<START> I dont think cardboard bed is shameful I found is creative and safe environment I dont know why athletes dislike
4-vJc6ZnE9A,<START> I read a very sour comment have fun oh world peace
4-vJc6ZnE9A,<START> This girl is most famous for the Zero G bed She should be the brand ambassador for the Zero G bed I want one
4-vJc6ZnE9A,<START> i am sure Beijing will provide more than one washing machine per floor
4-vJc6ZnE9A,<START> If host in India probably you will sleep on the street with the cow
4-vJc6ZnE9A,<START> remember china is paying or forcing the athletes to say only the good things about china All the bad videos will be delelted
4-vJc6ZnE9A,<START> Zero gravity mode Id like to try that
4-vJc6ZnE9A,<START> i bet those rooms have hidden MICS  Stasi style
4-vJc6ZnE9A,<START> dont be surprised if u wake up with a kidney missin in the morning honey
4-vJc6ZnE9A,<START> Well that was some subtle propaganda
4-vJc6ZnE9A,<START> i remember you can download an app and set a alarm so the bed will automatically tilt up in the morning
4-vJc6ZnE9A,<START> It seems that there was a big leak in the Finnish teams dormitory  But its okay  Sleep on the best bed and forget everything
4-vJc6ZnE9A,<START> I rather think the Bing Dwen Dwen pillow topped the electric remote controlled bed
4-vJc6ZnE9A,<START> Is really so good that a bad sleeper will have good sleep on the bed How much is the bed
4-vJc6ZnE9A,<START> The unfair IOC is corruptBreak up the corrupt IOCLets boycott IOChosted sports competitions
4-vJc6ZnE9A,<START> httpswwwyoutubecomwatchv8A6esi1YcP0 her clip is featured here with other countrys athletes impressed by the quality of Beijing Olympic
4-vJc6ZnE9A,<START> Communist China takes control of gravity  
4-vJc6ZnE9A,<START> She can sell zero G mode bed soon
4-vJc6ZnE9A,<START> Zero G mode means no gangsters allowed on the bed its China we are civilized people who enjoy dumplings and math
4-vJc6ZnE9A,<START> So great
4-vJc6ZnE9A,<START> I dont think cardboard bed is shameful I found is creative and safe environment I dont know why athletes dislike
4-vJc6ZnE9A,<START> I read a very sour comment have fun oh world peace
4-vJc6ZnE9A,<START> This girl is most famous for the Zero G bed She should be the brand ambassador for the Zero G bed I want one
4-vJc6ZnE9A,<START> i am sure Beijing will provide more than one washing machine per floor
4-vJc6ZnE9A,<START> If host in India probably you will sleep on the street with the cow
4-vJc6ZnE9A,<START> remember china is paying or forcing the athletes to say only the good things about china All the bad videos will be delelted
4-vJc6ZnE9A,<START> Zero gravity mode Id like to try that
4-vJc6ZnE9A,<START> i bet those rooms have hidden MICS  Stasi style
4-vJc6ZnE9A,<START> dont be surprised if u wake up with a kidney missin in the morning honey
4-vJc6ZnE9A,<START> Well that was some subtle propaganda
4-vJc6ZnE9A,<START> i remember you can download an app and set a alarm so the bed will automatically tilt up in the morning
4-vJc6ZnE9A,<START> It seems that there was a big leak in the Finnish teams dormitory  But its okay  Sleep on the best bed and forget everything
4-vJc6ZnE9A,<START> I rather think the Bing Dwen Dwen pillow topped the electric remote controlled bed
4-vJc6ZnE9A,<START> Is really so good that a bad sleeper will have good sleep on the bed How much is the bed
4-vJc6ZnE9A,<START> The unfair IOC is corruptBreak up the corrupt IOCLets boycott IOChosted sports competitions
4-vJc6ZnE9A,<START> httpswwwyoutubecomwatchv8A6esi1YcP0 her clip is featured here with other countrys athletes impressed by the quality of Beijing Olympic
4-vJc6ZnE9A,<START> Communist China takes control of gravity  
4-vJc6ZnE9A,<START> She can sell zero G mode bed soon
4-vJc6ZnE9A,<START> Zero G mode means no gangsters allowed on the bed its China we are civilized people who enjoy dumplings and math
4-vJc6ZnE9A,<START> So great
4-vJc6ZnE9A,<START> I dont think cardboard bed is shameful I found is creative and safe environment I dont know why athletes dislike
4-vJc6ZnE9A,<START> I read a very sour comment have fun oh world peace
4-vJc6ZnE9A,<START> This girl is most famous for the Zero G bed She should be the brand ambassador for the Zero G bed I want one
4-vJc6ZnE9A,<START> i am sure Beijing will provide more than one washing machine per floor
4-vJc6ZnE9A,<START> If host in India probably you will sleep on the street with the cow
4-vJc6ZnE9A,<START> remember china is paying or forcing the athletes to say only the good things about china All the bad videos will be delelted
4-vJc6ZnE9A,<START> Zero gravity mode Id like to try that
4-vJc6ZnE9A,<START> i bet those rooms have hidden MICS  Stasi style
4-vJc6ZnE9A,<START> dont be surprised if u wake up with a kidney missin in the morning honey
4-vJc6ZnE9A,<START> Well that was some subtle propaganda
4-vJc6ZnE9A,<START> i remember you can download an app and set a alarm so the bed will automatically tilt up in the morning
