eLKAcu9-0zk,<START> Ester Ledecka is absolutely amazing
eLKAcu9-0zk,<START> English plz
eLKAcu9-0zk,<START> Surfe no gelo
eLKAcu9-0zk,<START> Wonderful amazing
eLKAcu9-0zk,<START> SUPER 
eLKAcu9-0zk,<START> Very nice 
eLKAcu9-0zk,<START> Fucxk you IOC
eLKAcu9-0zk,<START> Highlights please from Filipina Snowboard queen Alexandra de Rivera 
eLKAcu9-0zk,<START> 1st
eLKAcu9-0zk,<START> Per work fast
eLKAcu9-0zk,<START> Ester Ledecka is absolutely amazing
eLKAcu9-0zk,<START> English plz
eLKAcu9-0zk,<START> Surfe no gelo
eLKAcu9-0zk,<START> Wonderful amazing
eLKAcu9-0zk,<START> SUPER 
eLKAcu9-0zk,<START> Very nice 
eLKAcu9-0zk,<START> Fucxk you IOC
eLKAcu9-0zk,<START> Highlights please from Filipina Snowboard queen Alexandra de Rivera 
eLKAcu9-0zk,<START> 1st
eLKAcu9-0zk,<START> Per work fast
