fhzHTgmw5eY,<START> waste of money sending useless gb to winter olympicseddie the eagle was better then you lot
fhzHTgmw5eY,<START> Welcome to China
fhzHTgmw5eY,<START> youre so cute hope you have fun in Beijing 
fhzHTgmw5eY,<START> Wow truly the dream kit you got  Nice brotherly cuddles  Good luck to Farrell  Niall  UK team  I thought athletes also get BDD memorabilia
fhzHTgmw5eY,<START> Lovely vlog This is how the olympics should look like A festival for all
fhzHTgmw5eY,<START> Yay Ive been waiting for someone to do a swag video Congrats and best wishes to all Olympians and Paralympians in Beijing
fhzHTgmw5eY,<START> almost exhausted before you arrive Beijing  all the best mate
fhzHTgmw5eY,<START> lol 38 pieces of sportswearthats crazy af
fhzHTgmw5eY,<START> Very fun video
fhzHTgmw5eY,<START> I wish you a fruitful trip to Beijing and hope that 2022beijing winter Olympics will be an unforgettable experience for you
fhzHTgmw5eY,<START> You guys are hilarious 
fhzHTgmw5eY,<START> Really chinese style hospitality 
fhzHTgmw5eY,<START> Have fun
fhzHTgmw5eY,<START> I would be flattered to be a guest there
fhzHTgmw5eY,<START> happy to hear your  enjoying  in BEIJING
fhzHTgmw5eY,<START> Its hard not to compare to the Tokyo Olympics lol
fhzHTgmw5eY,<START> The association that organizes the Olympic Games said it has launched a mobile game
fhzHTgmw5eY,<START> Many clothes and pants nice mates
fhzHTgmw5eY,<START> Thank you for sharing All the best to you and your team Enjoy your time in Beijing
fhzHTgmw5eY,<START> Lets go USA  good luck to all olympic athletes 
fhzHTgmw5eY,<START> waste of money sending useless gb to winter olympicseddie the eagle was better then you lot
fhzHTgmw5eY,<START> Welcome to China
fhzHTgmw5eY,<START> youre so cute hope you have fun in Beijing 
fhzHTgmw5eY,<START> Wow truly the dream kit you got  Nice brotherly cuddles  Good luck to Farrell  Niall  UK team  I thought athletes also get BDD memorabilia
fhzHTgmw5eY,<START> Lovely vlog This is how the olympics should look like A festival for all
fhzHTgmw5eY,<START> Yay Ive been waiting for someone to do a swag video Congrats and best wishes to all Olympians and Paralympians in Beijing
fhzHTgmw5eY,<START> almost exhausted before you arrive Beijing  all the best mate
fhzHTgmw5eY,<START> lol 38 pieces of sportswearthats crazy af
fhzHTgmw5eY,<START> Very fun video
fhzHTgmw5eY,<START> I wish you a fruitful trip to Beijing and hope that 2022beijing winter Olympics will be an unforgettable experience for you
fhzHTgmw5eY,<START> You guys are hilarious 
fhzHTgmw5eY,<START> Really chinese style hospitality 
fhzHTgmw5eY,<START> Have fun
fhzHTgmw5eY,<START> I would be flattered to be a guest there
fhzHTgmw5eY,<START> happy to hear your  enjoying  in BEIJING
fhzHTgmw5eY,<START> Its hard not to compare to the Tokyo Olympics lol
fhzHTgmw5eY,<START> The association that organizes the Olympic Games said it has launched a mobile game
fhzHTgmw5eY,<START> Many clothes and pants nice mates
fhzHTgmw5eY,<START> Thank you for sharing All the best to you and your team Enjoy your time in Beijing
fhzHTgmw5eY,<START> Lets go USA  good luck to all olympic athletes 
fhzHTgmw5eY,<START> waste of money sending useless gb to winter olympicseddie the eagle was better then you lot
fhzHTgmw5eY,<START> Welcome to China
fhzHTgmw5eY,<START> youre so cute hope you have fun in Beijing 
fhzHTgmw5eY,<START> Wow truly the dream kit you got  Nice brotherly cuddles  Good luck to Farrell  Niall  UK team  I thought athletes also get BDD memorabilia
fhzHTgmw5eY,<START> Lovely vlog This is how the olympics should look like A festival for all
fhzHTgmw5eY,<START> Yay Ive been waiting for someone to do a swag video Congrats and best wishes to all Olympians and Paralympians in Beijing
fhzHTgmw5eY,<START> almost exhausted before you arrive Beijing  all the best mate
fhzHTgmw5eY,<START> lol 38 pieces of sportswearthats crazy af
fhzHTgmw5eY,<START> Very fun video
fhzHTgmw5eY,<START> I wish you a fruitful trip to Beijing and hope that 2022beijing winter Olympics will be an unforgettable experience for you
fhzHTgmw5eY,<START> You guys are hilarious 
fhzHTgmw5eY,<START> Really chinese style hospitality 
fhzHTgmw5eY,<START> Have fun
fhzHTgmw5eY,<START> I would be flattered to be a guest there
fhzHTgmw5eY,<START> happy to hear your  enjoying  in BEIJING
fhzHTgmw5eY,<START> Its hard not to compare to the Tokyo Olympics lol
fhzHTgmw5eY,<START> The association that organizes the Olympic Games said it has launched a mobile game
fhzHTgmw5eY,<START> Many clothes and pants nice mates
fhzHTgmw5eY,<START> Thank you for sharing All the best to you and your team Enjoy your time in Beijing
fhzHTgmw5eY,<START> Lets go USA  good luck to all olympic athletes 
