JmUX0oHS5Vk,"<START> In the information age, China remains no. 1"
JmUX0oHS5Vk,<START> Pick money to do the Winter Olympics Show is not as good as to compensate for the wuhan pneumonia loss of the world boring
JmUX0oHS5Vk,<START> Be proud to be Chinese and praise Chinese science and technology
JmUX0oHS5Vk,<START> I don't understand ah just feel so no contribution alive is really sorry the world
JmUX0oHS5Vk,"<START> I mean, who knows where I can watch the reruns? I was in class yesterday. Missed it"
JmUX0oHS5Vk,<START> Luke said the storyteller in the blogger group was funny
JmUX0oHS5Vk,<START> What does it have to do with ordinary people to invest so much money that the government and businesses make money and you also make money
JmUX0oHS5Vk,<START> frigging awesome
JmUX0oHS5Vk,<START> Digital twin technology 360 degrees without dead Angle viewing 5GAI ARTIFICIAL intelligence ice ribbon woven curtain high vanadium sealed cable and more
JmUX0oHS5Vk,<START> That's a hell of a lot of money
JmUX0oHS5Vk,<START> Into not perfect by understanding right depends on the edge
JmUX0oHS5Vk,"<START> No Peng Shuai, no Winter Olympics"
JmUX0oHS5Vk,<START> It is foreigners' luck that the Olympics are held in China
JmUX0oHS5Vk,<START> Good to see
JmUX0oHS5Vk,<START> It's funny when a foreigner says hello to a robot and the robot tells him to wear a mask
JmUX0oHS5Vk,<START> Be wary of others
JmUX0oHS5Vk,<START> how dare u
JmUX0oHS5Vk,<START> Look forward to the motherland technology is changing rapidly
JmUX0oHS5Vk,<START> 203 Is this the metasomes? That's amazing
