LIKsPsG8t-Y,<START> IS this a 100 Fiverr animation This sooooo bad lol
LIKsPsG8t-Y,<START> Covid19 originates in china kills 5 Milliongive em a stupid bug eyed panda thatll make em forget
LIKsPsG8t-Y,<START> I also want an ice pier pier ah but now ice pier pier is difficult to fly C
LIKsPsG8t-Y,"<START> Hello, can YOU give me an ice dun dun and a snow rongrong if you can"
LIKsPsG8t-Y,"<START> It was good at first, but now I feel like a dick"
LIKsPsG8t-Y,<START> Its not an ice suit Its a sugar coat
LIKsPsG8t-Y,<START> Wow
LIKsPsG8t-Y,<START> i wanna a mini statue of bing dwen dwen
LIKsPsG8t-Y,"<START> You are watching season 2 of the PyeongChang Olympics the stupid and shallow Chinese are clearly seeing themselves as the cultural subordinate of the great Republic of Korea, showing the Samulnori and hanbok of the Republic of Korea"
LIKsPsG8t-Y,<START> From Sichuan
LIKsPsG8t-Y,<START> if you watch it you will remember it for ever
LIKsPsG8t-Y,<START> Bing Dun Dun panda Cute
LIKsPsG8t-Y,<START> I should go to Suhorang. 2018
LIKsPsG8t-Y,<START> Kaka and.
LIKsPsG8t-Y,<START> A nice
LIKsPsG8t-Y,<START> some korea loser dog come here wawawa
LIKsPsG8t-Y,<START> IS this a 100 Fiverr animation This sooooo bad lol
LIKsPsG8t-Y,<START> Covid19 originates in china kills 5 Milliongive em a stupid bug eyed panda thatll make em forget
LIKsPsG8t-Y,<START> I also want an ice pier pier ah but now ice pier pier is difficult to fly C
LIKsPsG8t-Y,"<START> Hello, can YOU give me an ice dun dun and a snow rongrong if you can"
LIKsPsG8t-Y,"<START> It was good at first, but now I feel like a dick"
LIKsPsG8t-Y,<START> Its not an ice suit Its a sugar coat
LIKsPsG8t-Y,<START> Wow
LIKsPsG8t-Y,<START> i wanna a mini statue of bing dwen dwen
LIKsPsG8t-Y,"<START> You are watching season 2 of the PyeongChang Olympics the stupid and shallow Chinese are clearly seeing themselves as the cultural subordinate of the great Republic of Korea, showing the Samulnori and hanbok of the Republic of Korea"
LIKsPsG8t-Y,<START> From Sichuan
LIKsPsG8t-Y,<START> if you watch it you will remember it for ever
LIKsPsG8t-Y,<START> Bing Dun Dun panda Cute
LIKsPsG8t-Y,<START> I should go to Suhorang. 2018
LIKsPsG8t-Y,<START> Kaka and.
LIKsPsG8t-Y,<START> A nice
LIKsPsG8t-Y,<START> some korea loser dog come here wawawa
LIKsPsG8t-Y,<START> IS this a 100 Fiverr animation This sooooo bad lol
LIKsPsG8t-Y,<START> Covid19 originates in china kills 5 Milliongive em a stupid bug eyed panda thatll make em forget
LIKsPsG8t-Y,<START> I also want an ice pier pier ah but now ice pier pier is difficult to fly C
LIKsPsG8t-Y,"<START> Hello, can YOU give me an ice dun dun and a snow rongrong if you can"
LIKsPsG8t-Y,"<START> It was good at first, but now I feel like a dick"
LIKsPsG8t-Y,<START> Its not an ice suit Its a sugar coat
LIKsPsG8t-Y,<START> Wow
LIKsPsG8t-Y,<START> i wanna a mini statue of bing dwen dwen
LIKsPsG8t-Y,"<START> You are watching season 2 of the PyeongChang Olympics the stupid and shallow Chinese are clearly seeing themselves as the cultural subordinate of the great Republic of Korea, showing the Samulnori and hanbok of the Republic of Korea"
LIKsPsG8t-Y,<START> From Sichuan
LIKsPsG8t-Y,<START> if you watch it you will remember it for ever
LIKsPsG8t-Y,<START> Bing Dun Dun panda Cute
LIKsPsG8t-Y,<START> I should go to Suhorang. 2018
LIKsPsG8t-Y,<START> Kaka and.
LIKsPsG8t-Y,<START> A nice
LIKsPsG8t-Y,<START> some korea loser dog come here wawawa
LIKsPsG8t-Y,<START> IS this a 100 Fiverr animation This sooooo bad lol
LIKsPsG8t-Y,<START> Covid19 originates in china kills 5 Milliongive em a stupid bug eyed panda thatll make em forget
LIKsPsG8t-Y,<START> I also want an ice pier pier ah but now ice pier pier is difficult to fly C
LIKsPsG8t-Y,"<START> Hello, can YOU give me an ice dun dun and a snow rongrong if you can"
LIKsPsG8t-Y,"<START> It was good at first, but now I feel like a dick"
LIKsPsG8t-Y,<START> Its not an ice suit Its a sugar coat
LIKsPsG8t-Y,<START> Wow
LIKsPsG8t-Y,<START> i wanna a mini statue of bing dwen dwen
LIKsPsG8t-Y,"<START> You are watching season 2 of the PyeongChang Olympics the stupid and shallow Chinese are clearly seeing themselves as the cultural subordinate of the great Republic of Korea, showing the Samulnori and hanbok of the Republic of Korea"
LIKsPsG8t-Y,<START> From Sichuan
LIKsPsG8t-Y,<START> if you watch it you will remember it for ever
LIKsPsG8t-Y,<START> Bing Dun Dun panda Cute
LIKsPsG8t-Y,<START> I should go to Suhorang. 2018
LIKsPsG8t-Y,<START> Kaka and.
LIKsPsG8t-Y,<START> A nice
LIKsPsG8t-Y,<START> some korea loser dog come here wawawa
LIKsPsG8t-Y,<START> IS this a 100 Fiverr animation This sooooo bad lol
LIKsPsG8t-Y,<START> Covid19 originates in china kills 5 Milliongive em a stupid bug eyed panda thatll make em forget
LIKsPsG8t-Y,<START> I also want an ice pier pier ah but now ice pier pier is difficult to fly C
LIKsPsG8t-Y,"<START> Hello, can YOU give me an ice dun dun and a snow rongrong if you can"
LIKsPsG8t-Y,"<START> It was good at first, but now I feel like a dick"
LIKsPsG8t-Y,<START> Its not an ice suit Its a sugar coat
LIKsPsG8t-Y,<START> Wow
LIKsPsG8t-Y,<START> i wanna a mini statue of bing dwen dwen
LIKsPsG8t-Y,"<START> You are watching season 2 of the PyeongChang Olympics the stupid and shallow Chinese are clearly seeing themselves as the cultural subordinate of the great Republic of Korea, showing the Samulnori and hanbok of the Republic of Korea"
LIKsPsG8t-Y,<START> From Sichuan
LIKsPsG8t-Y,<START> if you watch it you will remember it for ever
LIKsPsG8t-Y,<START> Bing Dun Dun panda Cute
LIKsPsG8t-Y,<START> I should go to Suhorang. 2018
LIKsPsG8t-Y,<START> Kaka and.
LIKsPsG8t-Y,<START> A nice
LIKsPsG8t-Y,<START> some korea loser dog come here wawawa
