o1eCskUlrZE,<START> Want more Bobsleigh from PyeongChang Click Here httpbitly2Ff8sZz
o1eCskUlrZE,<START> Germany just loves driving vehicles dont they
o1eCskUlrZE,<START> How do they fight in the thing
o1eCskUlrZE,<START> My Dream 
o1eCskUlrZE,<START> I wanna try that
o1eCskUlrZE,<START> India is coming emerging gold medalist in Beijing 2022
o1eCskUlrZE,<START> Germany is the by far the coolest country out there
o1eCskUlrZE,<START> came here after italys tamberi and qatars barshim also shared the gold in tokyo 2020 mens high jump
o1eCskUlrZE,<START> cool
o1eCskUlrZE,<START> What No broom on the track
o1eCskUlrZE,<START> WEEEEE
o1eCskUlrZE,<START> How ten year old me felt when sledding
o1eCskUlrZE,<START> Cada bobsledero posee alto nivel
o1eCskUlrZE,<START> Came here from watermelon
o1eCskUlrZE,<START> NICE GUYS
o1eCskUlrZE,<START> Online lekcje
o1eCskUlrZE,<START> I love how the german and Canadian teams immediately celebrated their gold medals together
o1eCskUlrZE,<START> Cool Runnings
o1eCskUlrZE,<START> Hey Vietnam We got our wish Looks like the black guy wants to dance with the Dragon Dont worry When we lose Ill be in heaven with you
o1eCskUlrZE,<START> OMG
