O6p4OHA5Z1k,<START> Bing Dwen dwen is so cute. Take a bite
O6p4OHA5Z1k,<START> China Jiayou ω
O6p4OHA5Z1k,<START> Chinese designed ice blocks blocks are too cute to grab
O6p4OHA5Z1k,"<START> Chinese young people and children are so lovely oh see Chinese children very happy patriotic and national concept strong Hong Kong education bureau should learn benefit education Hong Kong children wish the Success of the Olympic Games Chinese come on, come on"
O6p4OHA5Z1k,<START> I wish the 2022 Beijing Paralympic Winter Olympics a complete success
O6p4OHA5Z1k,<START> The motherland refueling
O6p4OHA5Z1k,<START> I wish Beijing a successful Winter Olympics
O6p4OHA5Z1k,<START> Beijing refueling
O6p4OHA5Z1k,<START> Chinese efforts
O6p4OHA5Z1k,<START> Really looking forward to
O6p4OHA5Z1k,<START> Looking forward to the opening ceremony
O6p4OHA5Z1k,<START> Happy New Year to the host of CCTV program. I really like this Winter Olympics program and I'm very happy to know more information. The Winter Olympics will be a complete success
O6p4OHA5Z1k,<START> Thank you xinjiang old railway refueling China
O6p4OHA5Z1k,<START> Come to Singapore and have a great winter Olympic Games
O6p4OHA5Z1k,<START> Good Job and Support    Bravo to China Rise Peacefully and be Strong      Go China Go   
O6p4OHA5Z1k,<START> Excited to wish success
O6p4OHA5Z1k,<START> Long live the motherland
O6p4OHA5Z1k,<START> Algerians wish the Beijing Winter Olympics a complete success
O6p4OHA5Z1k,<START> Thank you CCTV for continuing to broadcast the Winter Olympics programs so that we overseas Chinese can understand the progress of the Winter Olympics in detail. Go China
O6p4OHA5Z1k,<START> Looking forward to
O6p4OHA5Z1k,<START> Bing Dwen dwen is so cute. Take a bite
O6p4OHA5Z1k,<START> China Jiayou ω
O6p4OHA5Z1k,<START> Chinese designed ice blocks blocks are too cute to grab
O6p4OHA5Z1k,"<START> Chinese young people and children are so lovely oh see Chinese children very happy patriotic and national concept strong Hong Kong education bureau should learn benefit education Hong Kong children wish the Success of the Olympic Games Chinese come on, come on"
O6p4OHA5Z1k,<START> I wish the 2022 Beijing Paralympic Winter Olympics a complete success
O6p4OHA5Z1k,<START> The motherland refueling
O6p4OHA5Z1k,<START> I wish Beijing a successful Winter Olympics
O6p4OHA5Z1k,<START> Beijing refueling
O6p4OHA5Z1k,<START> Chinese efforts
O6p4OHA5Z1k,<START> Really looking forward to
O6p4OHA5Z1k,<START> Looking forward to the opening ceremony
O6p4OHA5Z1k,<START> Happy New Year to the host of CCTV program. I really like this Winter Olympics program and I'm very happy to know more information. The Winter Olympics will be a complete success
O6p4OHA5Z1k,<START> Thank you xinjiang old railway refueling China
O6p4OHA5Z1k,<START> Come to Singapore and have a great winter Olympic Games
O6p4OHA5Z1k,<START> Good Job and Support    Bravo to China Rise Peacefully and be Strong      Go China Go   
O6p4OHA5Z1k,<START> Excited to wish success
O6p4OHA5Z1k,<START> Long live the motherland
O6p4OHA5Z1k,<START> Algerians wish the Beijing Winter Olympics a complete success
O6p4OHA5Z1k,<START> Thank you CCTV for continuing to broadcast the Winter Olympics programs so that we overseas Chinese can understand the progress of the Winter Olympics in detail. Go China
O6p4OHA5Z1k,<START> Looking forward to
