zS2YcSKrrkU,"<START> A month later, the foreign media coverage of the Winter Olympics completely turned upside down. Congratulations"
zS2YcSKrrkU,<START> The stir-fry also has to master the spoon machine is not good
zS2YcSKrrkU,<START> It's just a gimmick. It's safer to let people handle your food because you might get rats and roaches and stuff you shouldn't
zS2YcSKrrkU,<START> Smart wok doesn't feel good
zS2YcSKrrkU,<START> The freedom of Gods children are beset on all sides by the Chinese Communist Party CCP CCP Virus CCPs Covid19 CCPs Coronavirus The CCPs left ideologies Marxism Nazism Fascism and Leninism are associated with Communismthey all hate God love deathBy the inequities of the selfish and the tyranny of evil men Those who attempt to poison and destroy my brothers sisters and children  Refers to Ezekiel 2517 And I will execute great vengeance upon them with furious rebukes and they shall know that I am the LORD when I shall lay my vengeance upon them
zS2YcSKrrkU,"<START> Cantonese food is not something that ordinary chefs can't cook, let alone machines"
zS2YcSKrrkU,<START> China is really awesome and many high tech are already leading the world
zS2YcSKrrkU,<START> And then I didn't get enough to eat
zS2YcSKrrkU,<START> This disgusting old lady is super evil
zS2YcSKrrkU,<START> Amazing China I love your motherland and I am proud of you
zS2YcSKrrkU,<START> The athletes don't have 24-hour meals I guess because the athletes have very strict food standards so they have to be controlled by humans remember this was used a long time ago where you scan the table and the ordering machine knows which table you are at and then it can be delivered to your table through the overhead pate
zS2YcSKrrkU,<START> What's so amazing about the fact that there's no need for human beings to be fully automated so that machines can replace human beings
zS2YcSKrrkU,<START> DPP is also brainwashing green people to bully people who don't support DPP. DPP has no freedom of speech. Their fantasy is rotten to death
zS2YcSKrrkU,<START> Chinese cuisine is finished because they can only cook by machine so they are second to last
zS2YcSKrrkU,<START> I wonder what America has to show all day
zS2YcSKrrkU,"<START> The left wing and the Communist Party around the world are now in a state of evil and lawless, in which case the Bible says that the wicked man flourishes like grass and the wicked man flourishes like a flower and eventually he dies forever. Psalm 927 We are living in the end about 2,000 years ago Jesus Christ's disciples asked him a significant question. Tell us this"
zS2YcSKrrkU,<START> Taiwanese start getting sour soon haha
zS2YcSKrrkU,<START> Three people as a TV ignore
zS2YcSKrrkU,<START> This was agreed last year. No wonder what was said before didn't come out at that time. It was because machines hadn't been built at that time
zS2YcSKrrkU,<START> Come on epsilon ã‚š omega
